"","n_FTA","unemployed","drug_abuse","n_violent_arrest","race","vprai","judge","pretrial_failure"
"1",0,0,1,3,1,1,1,NA
"2",1,1,1,0,1,2,1,NA
"3",1,0,0,2,1,2,1,NA
"4",0,0,0,0,0,2,2,0
"5",1,0,1,0,0,1,2,1
"6",0,1,0,6,1,2,2,0
"7",0,0,0,0,1,2,1,NA
"8",0,0,1,3,1,2,2,0
"9",1,0,0,4,0,2,2,1
"10",0,1,0,0,1,2,1,NA
"11",0,0,1,3,1,2,1,NA
"12",0,0,0,2,0,2,2,0
"13",0,0,1,5,1,1,1,NA
"14",0,0,1,4,0,2,1,NA
"15",0,1,0,4,1,2,1,NA
"16",0,1,0,0,1,2,1,NA
"17",0,0,1,0,1,2,1,NA
"18",0,1,0,0,1,2,1,NA
"19",0,1,1,4,1,1,1,NA
"20",0,0,1,0,1,2,1,NA
"21",0,0,0,6,1,2,1,NA
"22",0,0,0,0,1,2,1,NA
"23",0,1,1,3,1,2,1,NA
"24",0,0,0,0,1,2,1,NA
"25",0,0,1,0,1,2,2,0
"26",0,1,1,0,1,2,2,0
"27",0,1,1,0,1,2,1,NA
"28",0,0,1,0,1,2,2,0
"29",0,0,0,0,1,1,1,NA
"30",0,1,0,0,1,2,1,NA
"31",0,1,1,0,0,2,2,0
"32",0,0,0,5,0,2,1,NA
"33",0,0,0,0,0,2,2,0
"34",0,0,1,0,1,2,2,0
"35",0,0,1,0,0,2,1,NA
"36",0,0,1,2,0,2,1,NA
"37",0,0,0,0,1,2,2,0
"38",0,0,0,0,1,2,2,0
"39",0,0,0,0,1,2,1,NA
"40",0,0,0,3,0,2,1,NA
"41",0,0,0,3,0,2,1,NA
"42",0,0,0,0,1,2,1,NA
"43",0,1,1,2,1,2,1,NA
"44",1,0,0,5,1,1,1,NA
"45",0,0,0,0,1,2,1,NA
"46",0,0,1,2,1,1,1,NA
"47",0,1,1,0,1,2,1,NA
"48",0,1,1,2,0,2,1,NA
"49",0,0,0,0,1,2,2,0
"50",0,1,0,0,1,2,1,NA
"51",0,1,1,2,0,2,1,NA
"52",0,0,0,0,0,2,2,0
"53",0,1,1,0,1,2,1,NA
"54",0,1,0,3,0,2,2,0
"55",0,0,0,3,1,2,2,0
"56",0,1,0,4,1,2,1,NA
"57",0,0,0,0,0,2,1,NA
"58",0,0,0,5,1,2,2,0
"59",0,0,1,4,1,2,2,0
"60",0,0,1,3,1,2,1,NA
"61",0,1,0,3,0,2,2,1
"62",0,1,0,0,0,2,2,0
"63",0,0,0,0,0,2,1,NA
"64",1,1,0,5,1,1,1,NA
"65",0,0,1,0,1,2,1,NA
"66",0,0,0,0,1,2,2,0
"67",0,0,0,0,1,2,2,0
"68",0,0,1,6,0,2,2,0
"69",0,0,0,0,1,2,1,NA
"70",0,1,1,0,1,2,1,NA
"71",0,0,0,0,0,2,2,0
"72",0,0,0,0,1,2,2,0
"73",0,0,1,0,0,1,1,NA
"74",0,0,1,5,0,2,2,0
"75",0,0,0,6,1,2,2,0
"76",0,0,1,1,1,2,1,NA
"77",0,1,0,6,1,2,2,0
"78",0,0,0,0,1,2,1,NA
"79",0,0,1,3,1,2,2,0
"80",2,1,1,3,1,2,1,NA
"81",0,0,0,0,1,2,1,NA
"82",0,0,0,0,1,2,2,0
"83",0,0,0,4,1,2,1,NA
"84",0,0,0,2,1,2,2,0
"85",0,0,1,0,0,2,1,NA
"86",0,1,0,0,0,2,1,NA
"87",0,1,0,0,0,2,1,NA
"88",0,1,0,0,0,2,1,NA
"89",0,1,1,2,1,1,1,NA
"90",0,0,1,0,1,2,1,NA
"91",0,0,1,5,0,1,1,NA
"92",0,0,0,0,1,2,2,0
"93",0,0,1,3,1,2,2,0
"94",0,1,0,0,0,2,2,0
"95",0,1,1,5,1,1,1,NA
"96",0,0,1,0,1,2,1,NA
"97",0,1,0,1,1,2,1,NA
"98",1,0,1,2,1,2,1,NA
"99",0,0,0,0,0,2,1,NA
"100",0,0,0,4,0,2,2,0
"101",0,0,0,0,0,2,2,0
"102",0,1,0,0,1,2,2,0
"103",0,0,1,5,1,1,1,NA
"104",0,0,1,5,1,1,2,1
"105",0,0,0,2,1,2,1,NA
"106",0,0,0,0,1,2,1,NA
"107",0,0,0,0,1,2,1,NA
"108",0,0,0,0,1,2,2,0
"109",0,0,0,3,1,2,2,0
"110",0,0,0,5,1,2,1,NA
"111",0,0,0,0,1,2,2,0
"112",0,0,0,4,1,2,1,NA
"113",0,0,0,0,1,2,1,NA
"114",3,0,1,4,1,1,1,NA
"115",0,0,0,0,0,2,2,0
"116",0,1,0,0,1,2,1,NA
"117",0,0,1,0,1,2,2,0
"118",0,1,0,0,0,2,2,0
"119",0,0,1,0,0,1,1,NA
"120",0,0,0,1,1,2,2,0
"121",0,1,1,0,0,2,1,NA
"122",0,0,1,1,1,2,2,0
"123",0,0,0,0,1,2,2,0
"124",0,0,0,0,0,2,1,NA
"125",3,0,0,6,0,2,1,NA
"126",0,0,1,0,0,2,2,0
"127",0,0,1,5,0,2,1,NA
"128",0,0,0,0,1,2,1,NA
"129",0,0,0,0,1,2,1,NA
"130",0,0,1,0,0,2,1,NA
"131",0,0,1,0,1,2,1,NA
"132",0,0,1,0,0,2,1,NA
"133",0,0,1,2,1,1,1,NA
"134",0,1,1,0,1,2,1,NA
"135",0,0,1,0,1,2,2,0
"136",1,0,1,3,0,1,1,NA
"137",0,0,0,3,1,2,1,NA
"138",0,0,1,0,1,2,1,NA
"139",0,0,0,6,0,2,1,NA
"140",0,0,0,2,0,2,2,0
"141",0,0,1,2,0,1,1,NA
"142",0,1,0,2,1,2,2,0
"143",0,0,0,4,1,2,2,0
"144",0,0,1,7,1,2,2,0
"145",0,1,0,0,0,2,2,0
"146",0,0,0,2,1,2,1,NA
"147",0,0,0,0,1,2,1,NA
"148",0,0,0,4,1,2,1,NA
"149",0,1,0,0,0,2,2,0
"150",0,1,0,4,1,2,1,NA
"151",0,1,0,0,0,2,2,0
"152",0,1,0,0,0,2,1,NA
"153",0,1,0,0,1,2,2,0
"154",0,0,0,0,1,2,2,0
"155",0,0,1,6,1,2,2,0
"156",0,1,1,0,1,2,1,NA
"157",0,1,0,6,1,2,1,NA
"158",1,1,1,0,1,2,1,NA
"159",0,0,1,0,0,2,2,0
"160",0,0,0,3,1,2,2,0
"161",0,1,0,0,0,2,2,0
"162",0,0,0,4,0,2,1,NA
"163",0,1,0,0,0,2,2,0
"164",0,0,0,0,0,2,2,0
"165",0,0,0,5,0,2,2,0
"166",0,1,0,0,0,2,2,0
"167",0,1,1,0,1,1,1,NA
"168",0,1,0,0,0,2,2,0
"169",0,0,1,0,1,2,1,NA
"170",0,1,0,1,1,2,2,0
"171",0,0,0,10,0,1,1,NA
"172",0,0,1,0,0,2,2,0
"173",0,0,0,0,1,2,2,0
"174",0,0,0,0,1,2,1,NA
"175",0,0,0,2,0,2,1,NA
"176",2,0,0,0,1,2,1,NA
"177",0,0,1,3,1,2,2,0
"178",0,0,1,6,0,2,1,NA
"179",0,0,1,0,0,2,2,0
"180",0,1,0,0,0,2,2,0
"181",0,0,0,0,1,2,1,NA
"182",0,0,0,6,1,2,2,0
"183",1,1,1,0,1,2,1,NA
"184",0,0,1,0,0,2,2,0
"185",0,0,0,0,0,2,2,0
"186",1,1,1,0,0,2,1,NA
"187",0,0,1,0,1,2,1,NA
"188",0,0,0,2,1,2,2,0
"189",0,0,0,0,1,2,2,0
"190",0,0,0,5,1,2,1,NA
"191",0,0,0,0,0,2,2,0
"192",0,0,1,0,1,2,2,0
"193",0,0,0,0,0,2,2,0
"194",0,0,0,0,0,2,2,0
"195",0,0,0,4,1,2,2,0
"196",0,0,0,0,1,2,1,NA
"197",0,0,0,0,0,2,1,NA
"198",0,0,1,0,1,1,1,NA
"199",0,1,0,0,1,2,1,NA
"200",0,0,1,0,0,2,2,0
"201",0,0,0,0,0,2,2,0
"202",0,0,0,0,0,2,2,0
"203",0,0,1,0,1,2,2,0
"204",0,0,0,0,1,2,1,NA
"205",0,0,0,6,1,1,1,NA
"206",0,0,1,0,0,2,2,0
"207",0,1,0,0,1,2,1,NA
"208",0,0,0,3,1,2,2,0
"209",0,0,0,3,0,2,2,0
"210",0,0,0,0,1,2,1,NA
"211",0,1,1,3,1,2,1,NA
"212",0,0,1,3,0,2,1,NA
"213",0,0,1,0,0,2,2,0
"214",0,0,0,0,0,2,1,NA
"215",0,1,1,3,1,2,1,NA
"216",0,0,0,11,1,2,1,NA
"217",0,0,0,0,0,2,1,NA
"218",0,0,0,0,0,2,2,0
"219",0,0,0,0,0,2,2,0
"220",0,0,0,0,0,2,2,0
"221",0,0,0,0,1,2,1,NA
"222",0,1,0,0,1,2,1,NA
"223",0,0,1,0,1,1,1,NA
"224",0,1,1,0,1,2,2,0
"225",0,1,1,4,1,1,1,NA
"226",0,1,1,0,1,1,1,NA
"227",0,1,0,0,0,2,2,0
"228",0,0,0,0,1,2,2,0
"229",0,0,1,0,1,2,1,NA
"230",0,0,0,0,1,2,1,NA
"231",0,0,0,2,1,2,1,NA
"232",0,0,0,0,1,2,2,0
"233",0,1,0,0,0,2,2,0
"234",0,0,1,0,0,2,1,NA
"235",1,0,0,0,0,2,2,0
"236",0,0,1,0,0,2,2,0
"237",0,1,0,3,1,2,2,0
"238",0,0,0,0,1,2,1,NA
"239",0,1,0,0,1,2,1,NA
"240",0,1,1,0,1,2,2,0
"241",0,0,0,5,1,2,1,NA
"242",0,0,0,0,0,2,2,0
"243",0,0,0,0,1,2,1,NA
"244",0,1,0,2,0,2,1,NA
"245",0,1,1,0,0,2,2,0
"246",0,0,0,3,0,2,2,0
"247",0,0,0,4,1,2,1,NA
"248",0,0,0,0,0,2,1,NA
"249",0,1,0,0,0,2,1,NA
"250",0,0,0,0,1,2,2,0
"251",0,1,0,4,0,2,1,NA
"252",0,0,0,0,1,2,2,0
"253",0,0,0,6,1,2,1,NA
"254",0,0,0,0,1,2,2,0
"255",0,0,1,4,0,1,1,NA
"256",0,1,1,0,1,2,1,NA
"257",0,1,0,0,0,2,2,0
"258",0,0,0,0,0,2,2,0
"259",0,0,0,0,1,2,1,NA
"260",0,0,1,4,1,1,1,NA
"261",0,0,1,0,1,2,1,NA
"262",0,0,1,3,1,2,1,NA
"263",0,0,0,0,1,2,1,NA
"264",0,1,1,2,1,2,1,NA
"265",0,1,0,0,1,2,2,0
"266",1,1,1,4,1,1,1,NA
"267",0,1,0,0,1,1,1,NA
"268",0,1,1,1,0,2,2,0
"269",0,0,0,0,0,2,1,NA
"270",0,0,0,0,1,2,2,0
"271",0,1,0,1,1,2,1,NA
"272",0,0,0,0,1,2,2,0
"273",0,1,0,3,0,2,1,NA
"274",0,0,0,2,1,2,2,0
"275",0,1,0,0,1,2,2,0
"276",0,1,0,0,0,2,1,NA
"277",0,0,1,0,0,2,2,0
"278",0,0,0,2,0,2,1,NA
"279",0,1,0,8,0,2,1,NA
"280",1,1,1,7,0,2,2,0
"281",0,1,1,0,1,2,2,0
"282",0,0,1,4,1,1,2,1
"283",0,1,1,0,1,1,1,NA
"284",0,0,0,0,1,2,1,NA
"285",0,0,0,4,1,2,1,NA
"286",0,0,0,2,0,2,1,NA
"287",0,0,0,0,0,2,2,0
"288",0,0,0,0,0,2,1,NA
"289",2,0,1,0,0,1,1,NA
"290",0,1,0,0,1,2,2,0
"291",0,0,0,3,1,2,2,0
"292",0,1,1,0,1,1,1,NA
"293",0,1,0,1,0,2,2,0
"294",0,0,1,0,1,1,1,NA
"295",0,0,0,4,1,2,2,0
"296",0,1,1,5,1,2,2,0
"297",0,1,0,0,1,2,2,0
"298",0,0,1,0,1,2,2,0
"299",0,0,0,0,0,2,1,NA
"300",0,1,1,4,1,2,1,NA
"301",0,1,0,0,1,2,2,0
"302",0,1,1,0,0,2,2,1
"303",0,0,0,3,1,2,2,0
"304",0,0,0,3,1,2,2,0
"305",0,0,0,0,1,2,2,0
"306",0,0,1,3,0,2,2,0
"307",0,0,1,8,0,2,2,0
"308",0,0,0,3,1,2,2,0
"309",0,0,1,3,1,2,1,NA
"310",0,0,0,0,1,2,2,0
"311",0,0,0,0,1,2,2,0
"312",0,1,0,0,0,1,1,NA
"313",0,0,0,0,1,2,1,NA
"314",0,1,1,6,1,1,1,NA
"315",0,1,0,0,0,2,1,NA
"316",0,0,0,0,1,2,1,NA
"317",0,0,1,4,1,2,1,NA
"318",0,0,0,0,1,2,2,0
"319",0,0,1,0,1,1,1,NA
"320",0,0,1,5,1,2,2,0
"321",2,1,0,4,1,1,1,NA
"322",0,0,1,2,1,2,1,NA
"323",0,0,0,0,1,2,1,NA
"324",0,1,0,4,1,2,2,0
"325",0,0,0,5,1,2,1,NA
"326",0,0,0,0,1,2,1,NA
"327",0,0,0,0,0,2,1,NA
"328",0,0,1,0,1,1,1,NA
"329",1,0,0,1,1,1,1,NA
"330",0,0,0,0,1,2,2,0
"331",0,0,0,3,1,2,2,0
"332",0,1,1,3,1,2,2,0
"333",0,0,1,5,1,1,2,1
"334",0,0,1,4,0,2,2,1
"335",0,0,0,0,0,2,1,NA
"336",0,0,1,8,0,2,1,NA
"337",0,0,0,4,1,2,2,0
"338",0,0,1,0,1,2,2,0
"339",0,1,1,3,1,1,1,NA
"340",0,1,0,0,0,2,1,NA
"341",0,0,1,0,0,2,2,0
"342",0,0,0,3,1,2,1,NA
"343",0,1,1,3,0,2,2,1
"344",0,1,0,0,0,2,1,NA
"345",0,0,0,0,1,2,2,0
"346",0,1,1,4,1,1,1,NA
"347",1,0,0,0,1,2,2,0
"348",0,0,1,3,0,2,2,0
"349",0,0,0,0,0,2,1,NA
"350",0,0,1,1,1,2,1,NA
"351",0,0,0,0,0,2,2,0
"352",0,1,0,0,1,2,1,NA
"353",0,1,1,0,1,2,1,NA
"354",0,1,1,6,1,1,1,NA
"355",0,1,1,0,1,2,2,0
"356",0,1,0,4,0,1,1,NA
"357",1,1,0,3,0,2,1,NA
"358",0,1,0,0,1,2,2,0
"359",0,0,0,5,1,2,1,NA
"360",0,0,0,0,0,2,1,NA
"361",0,1,0,0,1,1,1,NA
"362",0,0,0,3,1,2,1,NA
"363",0,1,0,0,1,2,2,0
"364",0,0,0,0,0,2,2,0
"365",0,1,0,0,1,2,2,0
"366",0,1,1,0,0,2,2,0
"367",0,0,0,0,0,2,2,0
"368",0,1,0,6,0,2,2,0
"369",0,0,0,4,0,2,2,0
"370",0,1,1,0,1,1,1,NA
"371",0,0,1,4,1,2,1,NA
"372",0,0,0,0,1,2,1,NA
"373",0,1,1,0,1,2,1,NA
"374",0,0,1,0,1,2,2,0
"375",2,0,0,5,1,2,1,NA
"376",0,0,0,0,1,2,2,0
"377",0,0,1,0,0,2,2,0
"378",0,0,0,0,0,2,1,NA
"379",1,1,1,4,0,1,1,NA
"380",0,1,0,0,0,2,1,NA
"381",0,1,0,0,1,2,1,NA
"382",0,1,0,0,0,2,2,0
"383",0,0,0,0,1,2,1,NA
"384",0,1,1,0,1,1,1,NA
"385",0,0,0,0,1,2,1,NA
"386",0,1,0,1,1,2,1,NA
"387",0,0,1,3,1,2,2,0
"388",0,0,0,0,1,2,2,0
"389",0,0,1,4,1,1,1,NA
"390",0,0,1,2,0,2,2,0
"391",0,0,0,2,1,2,1,NA
"392",0,1,0,3,1,2,1,NA
"393",0,1,0,0,1,2,1,NA
"394",0,1,0,0,1,2,1,NA
"395",0,0,0,0,1,2,2,0
"396",0,0,1,0,0,2,2,0
"397",0,0,0,4,0,1,1,NA
"398",0,0,0,0,0,2,2,0
"399",0,1,0,0,0,2,2,0
"400",0,0,0,0,1,2,1,NA
"401",0,0,0,4,1,2,1,NA
"402",1,1,0,5,0,1,1,NA
"403",0,1,0,0,0,2,2,0
"404",0,0,0,5,0,2,2,0
"405",0,0,0,4,0,2,1,NA
"406",0,0,0,0,0,2,2,0
"407",0,0,1,0,1,2,2,0
"408",0,0,1,2,1,2,2,0
"409",1,0,0,4,1,2,1,NA
"410",0,0,1,0,0,2,2,0
"411",0,0,1,3,1,1,1,NA
"412",0,0,1,2,1,2,1,NA
"413",0,1,1,7,1,1,1,NA
"414",0,0,0,0,1,2,1,NA
"415",0,0,0,0,1,2,1,NA
"416",0,0,0,0,1,2,2,0
"417",0,1,0,0,1,2,2,0
"418",0,0,0,0,1,2,1,NA
"419",0,0,0,0,1,2,2,0
"420",0,0,0,0,1,2,1,NA
"421",0,0,1,0,1,2,2,0
"422",1,0,1,7,1,1,1,NA
"423",0,1,0,0,1,1,1,NA
"424",3,0,0,6,0,2,1,NA
"425",0,0,0,0,0,2,2,0
"426",0,1,0,1,1,2,2,0
"427",0,1,1,0,1,2,2,0
"428",0,0,1,0,1,2,1,NA
"429",0,1,1,6,1,2,1,NA
"430",0,1,1,0,1,2,1,NA
"431",0,0,0,0,0,2,2,0
"432",0,1,0,0,0,2,2,0
"433",0,1,1,0,1,1,2,1
"434",0,0,0,3,1,2,2,0
"435",0,0,0,0,1,2,1,NA
"436",0,1,1,1,1,2,1,NA
"437",1,1,1,3,1,1,1,NA
"438",0,0,1,0,0,2,1,NA
"439",0,1,1,0,0,2,2,0
"440",0,0,0,0,1,2,1,NA
"441",0,0,1,0,1,2,1,NA
"442",0,0,0,0,1,2,1,NA
"443",0,0,1,3,1,2,1,NA
"444",0,0,0,0,0,2,1,NA
"445",0,0,0,2,0,2,2,0
"446",0,0,0,0,1,2,1,NA
"447",0,0,1,0,1,2,1,NA
"448",0,0,0,0,1,2,1,NA
"449",1,1,1,7,0,2,2,1
"450",0,0,0,0,1,2,2,0
"451",0,0,0,1,1,2,1,NA
"452",0,0,0,2,1,2,1,NA
"453",0,0,0,4,1,2,2,0
"454",0,0,1,0,1,1,1,NA
"455",1,0,1,0,0,1,1,NA
"456",0,0,0,0,1,2,1,NA
"457",0,0,0,0,0,2,2,0
"458",0,0,0,0,1,2,2,0
"459",0,1,1,5,1,2,2,0
"460",0,1,1,3,0,2,1,NA
"461",0,0,0,0,0,2,2,0
"462",0,0,0,0,1,2,2,0
"463",0,1,0,3,1,2,1,NA
"464",0,0,0,0,1,2,2,0
"465",0,0,0,0,1,2,1,NA
"466",0,0,1,6,1,2,2,0
"467",0,1,1,1,1,2,1,NA
"468",1,0,0,5,0,1,1,NA
"469",0,0,0,3,0,2,2,0
"470",0,1,1,2,1,2,2,0
"471",0,0,0,0,1,2,2,0
"472",1,1,1,2,1,2,2,0
"473",0,0,1,0,0,2,1,NA
"474",0,1,0,4,0,2,1,NA
"475",0,0,1,0,0,2,1,NA
"476",1,0,0,6,1,2,1,NA
"477",0,0,0,3,1,2,2,0
"478",2,1,0,0,1,1,1,NA
"479",0,0,0,1,1,1,1,NA
"480",0,1,0,0,1,2,1,NA
"481",2,0,1,8,0,2,2,1
"482",2,0,0,8,1,1,1,NA
"483",0,0,0,0,1,2,1,NA
"484",0,0,0,3,1,2,1,NA
"485",0,0,1,6,1,1,1,NA
"486",0,1,1,0,1,2,1,NA
"487",0,0,1,3,1,2,2,0
"488",0,0,0,0,1,2,1,NA
"489",0,0,0,0,1,2,1,NA
"490",0,0,0,0,0,2,1,NA
"491",0,0,0,0,1,2,1,NA
"492",0,0,0,0,0,2,2,0
"493",0,0,0,0,0,2,2,0
"494",0,0,1,6,0,2,1,NA
"495",0,0,1,3,1,2,1,NA
"496",1,1,0,0,1,1,1,NA
"497",0,1,1,0,1,2,1,NA
"498",0,1,1,2,1,2,2,0
"499",0,1,0,3,0,2,1,NA
"500",0,1,1,2,0,2,1,NA
"501",0,0,0,0,0,2,2,0
"502",0,0,0,2,1,2,2,0
"503",0,0,1,0,1,1,1,NA
"504",3,0,1,6,0,2,1,NA
"505",0,1,0,0,1,2,1,NA
"506",0,0,0,0,1,2,1,NA
"507",1,0,1,5,1,1,1,NA
"508",0,1,0,3,1,2,2,0
"509",0,0,0,0,1,2,2,0
"510",0,0,0,0,1,2,2,0
"511",0,0,0,0,1,2,2,0
"512",0,0,0,0,0,2,1,NA
"513",0,1,0,0,0,2,1,NA
"514",0,1,0,0,0,2,2,0
"515",0,0,0,0,1,2,2,0
"516",0,0,1,0,1,2,2,0
"517",0,0,0,4,1,2,1,NA
"518",0,1,1,3,1,2,2,0
"519",0,0,1,0,0,2,2,0
"520",1,0,0,6,0,2,2,0
"521",0,1,0,3,0,2,1,NA
"522",0,0,1,3,1,2,2,0
"523",0,0,0,3,1,2,1,NA
"524",0,0,0,0,0,2,2,0
"525",0,1,1,2,1,2,1,NA
"526",0,0,0,5,1,2,1,NA
"527",0,0,0,0,0,2,1,NA
"528",0,0,1,4,1,2,1,NA
"529",0,0,0,4,1,2,1,NA
"530",0,0,1,5,0,2,1,NA
"531",0,0,0,0,1,2,2,0
"532",0,0,0,0,1,2,2,0
"533",0,0,1,0,1,2,2,0
"534",0,1,1,4,1,1,1,NA
"535",0,0,0,3,0,2,2,0
"536",0,0,0,0,1,2,2,0
"537",0,0,1,0,1,2,1,NA
"538",0,0,0,1,1,1,2,1
"539",1,1,0,0,1,2,1,NA
"540",2,0,0,1,1,1,1,NA
"541",1,0,0,0,1,2,2,0
"542",0,1,1,0,1,2,1,NA
"543",0,0,1,3,0,2,1,NA
"544",0,0,0,3,0,2,2,0
"545",0,0,0,0,1,2,1,NA
"546",0,1,1,2,0,1,2,1
"547",0,0,0,0,1,2,1,NA
"548",0,0,1,4,1,1,1,NA
"549",0,0,0,0,1,2,1,NA
"550",0,0,1,3,0,2,1,NA
"551",1,0,0,0,0,2,2,0
"552",0,0,0,0,1,2,2,0
"553",0,1,0,3,0,2,2,0
"554",0,1,1,3,1,2,1,NA
"555",0,0,0,3,1,2,1,NA
"556",0,0,0,0,1,2,2,0
"557",0,0,0,0,0,2,2,0
"558",0,0,1,7,1,2,1,NA
"559",1,1,1,0,0,2,1,NA
"560",0,0,0,0,1,2,2,0
"561",0,0,0,4,0,2,2,0
"562",0,0,0,3,1,2,1,NA
"563",0,1,1,0,1,2,1,NA
"564",0,0,0,5,1,2,2,0
"565",1,1,0,0,1,2,1,NA
"566",0,1,0,7,0,1,1,NA
"567",0,0,0,0,1,2,2,0
"568",0,0,0,0,1,2,2,0
"569",0,0,1,6,0,2,1,NA
"570",0,0,1,8,1,1,2,1
"571",0,0,1,3,1,1,2,1
"572",0,0,1,0,0,2,2,0
"573",0,0,0,2,0,2,1,NA
"574",0,1,1,3,1,1,1,NA
"575",0,1,1,3,1,2,2,0
"576",0,0,0,4,0,2,2,0
"577",0,0,1,7,0,1,1,NA
"578",0,0,1,0,0,1,1,NA
"579",0,0,1,0,0,2,2,0
"580",0,0,1,3,0,2,1,NA
"581",0,0,1,4,0,2,2,0
"582",0,0,1,0,1,2,1,NA
"583",0,1,1,6,1,2,1,NA
"584",0,0,0,0,1,2,1,NA
"585",0,1,1,0,0,1,1,NA
"586",0,0,0,0,0,2,1,NA
"587",0,0,1,0,1,2,1,NA
"588",3,1,0,5,0,2,1,NA
"589",0,0,0,4,1,1,1,NA
"590",0,0,0,5,1,2,1,NA
"591",0,0,0,4,0,2,1,NA
"592",0,0,0,0,0,2,1,NA
"593",0,1,0,0,1,2,1,NA
"594",0,0,0,0,0,2,2,0
"595",0,0,0,0,1,2,2,0
"596",0,0,0,0,1,2,2,0
"597",0,1,1,4,1,1,1,NA
"598",0,0,0,0,1,2,2,0
"599",0,1,0,2,0,2,1,NA
"600",0,1,0,0,0,2,1,NA
"601",0,0,0,0,1,2,1,NA
"602",0,0,1,0,1,2,1,NA
"603",0,0,0,4,1,2,1,NA
"604",0,1,0,0,0,2,1,NA
"605",0,1,1,0,1,2,1,NA
"606",0,1,1,0,1,1,1,NA
"607",0,0,0,0,0,2,2,0
"608",1,1,0,6,1,2,1,NA
"609",0,0,0,0,1,2,1,NA
"610",0,0,1,0,1,2,2,0
"611",0,1,0,0,1,2,1,NA
"612",0,0,0,0,1,2,2,0
"613",0,0,0,0,1,1,1,NA
"614",0,0,1,4,1,2,2,0
"615",0,0,1,0,1,2,2,0
"616",0,0,1,6,0,2,2,0
"617",0,0,1,4,1,2,2,0
"618",0,0,0,0,0,2,2,0
"619",0,0,1,2,1,2,1,NA
"620",0,1,1,0,1,2,1,NA
"621",0,1,1,0,1,1,1,NA
"622",0,1,1,0,1,2,2,0
"623",0,1,1,0,1,2,1,NA
"624",0,1,1,6,1,1,1,NA
"625",0,1,1,0,0,2,1,NA
"626",2,0,1,0,0,1,1,NA
"627",0,1,0,0,0,2,1,NA
"628",0,0,1,0,1,2,1,NA
"629",0,1,1,0,1,2,1,NA
"630",0,0,1,0,1,2,1,NA
"631",0,0,0,4,0,2,2,0
"632",1,1,1,0,1,2,1,NA
"633",0,1,0,1,0,2,2,0
"634",0,0,0,0,1,2,2,0
"635",0,0,1,4,1,2,2,0
"636",0,0,1,5,0,2,1,NA
"637",0,1,0,0,0,2,2,0
"638",0,0,0,3,1,2,1,NA
"639",0,0,1,4,0,2,2,0
"640",0,0,1,0,0,1,2,1
"641",0,0,1,3,1,2,2,0
"642",0,1,1,0,1,2,2,0
"643",0,0,1,0,1,2,1,NA
"644",0,0,0,0,1,2,2,0
"645",2,0,0,4,1,2,1,NA
"646",0,0,0,5,0,2,1,NA
"647",0,1,1,5,1,2,1,NA
"648",0,0,0,5,0,2,1,NA
"649",0,0,0,3,1,2,1,NA
"650",0,0,1,2,1,2,1,NA
"651",0,0,1,0,1,2,1,NA
"652",0,0,0,4,0,2,1,NA
"653",0,1,0,0,0,2,2,0
"654",0,1,1,4,1,2,1,NA
"655",0,1,1,3,0,2,2,0
"656",0,0,0,0,0,2,2,0
"657",0,1,0,2,0,2,2,0
"658",0,1,1,0,1,2,1,NA
"659",0,1,0,0,1,2,1,NA
"660",0,0,0,0,0,2,1,NA
"661",0,1,0,3,1,2,1,NA
"662",0,0,0,0,1,2,1,NA
"663",0,0,1,0,0,2,2,0
"664",0,0,0,0,0,2,2,0
"665",0,1,0,0,1,2,2,0
"666",0,0,1,0,0,2,2,0
"667",0,1,0,0,0,2,2,0
"668",0,0,0,0,1,2,2,0
"669",0,0,0,0,0,2,1,NA
"670",0,0,0,3,1,2,2,0
"671",0,1,0,0,0,2,1,NA
"672",0,0,0,4,0,2,1,NA
"673",0,0,1,0,1,2,2,0
"674",0,0,0,5,0,2,2,0
"675",0,0,0,0,1,2,1,NA
"676",0,0,0,0,1,2,2,0
"677",0,1,0,4,1,2,2,0
"678",0,0,0,0,1,2,1,NA
"679",2,0,0,3,0,1,1,NA
"680",0,1,1,5,1,2,1,NA
"681",0,0,0,0,1,2,2,0
"682",0,0,0,0,1,2,2,0
"683",0,0,0,0,1,2,1,NA
"684",0,1,0,1,1,2,2,0
"685",1,0,0,6,1,2,1,NA
"686",0,1,1,3,1,2,1,NA
"687",0,1,0,0,1,2,2,0
"688",0,1,1,0,1,2,2,0
"689",1,1,0,0,1,2,2,0
"690",0,0,0,0,1,2,1,NA
"691",0,1,1,4,1,1,1,NA
"692",0,0,0,3,0,2,2,0
"693",1,0,1,5,0,2,2,1
"694",0,0,0,0,0,2,1,NA
"695",0,0,1,4,0,2,1,NA
"696",1,1,0,4,0,2,2,0
"697",0,0,0,0,1,2,1,NA
"698",0,1,0,0,1,2,2,0
"699",0,0,1,0,1,2,1,NA
"700",0,1,0,0,0,2,2,0
"701",0,0,1,5,1,2,2,0
"702",0,0,0,5,0,2,2,0
"703",0,1,1,5,0,2,2,0
"704",0,1,0,0,1,2,1,NA
"705",0,0,1,0,1,2,1,NA
"706",0,0,1,0,0,2,1,NA
"707",0,0,0,0,0,2,2,0
"708",0,0,0,4,1,2,2,0
"709",0,0,0,0,0,2,1,NA
"710",0,0,0,2,0,2,1,NA
"711",0,0,1,3,1,1,1,NA
"712",0,0,1,7,1,1,1,NA
"713",0,0,0,4,1,2,1,NA
"714",0,0,0,0,1,2,1,NA
"715",0,0,0,0,0,2,1,NA
"716",4,0,0,5,1,1,1,NA
"717",0,0,1,0,1,2,2,0
"718",0,0,1,0,0,2,2,0
"719",0,0,0,0,1,2,1,NA
"720",0,1,0,0,1,2,2,0
"721",1,1,0,0,0,2,2,0
"722",0,0,0,0,0,2,2,0
"723",0,0,1,0,0,2,1,NA
"724",0,1,1,5,0,2,2,1
"725",0,0,1,0,0,1,1,NA
"726",0,1,1,0,0,2,1,NA
"727",0,1,1,0,1,2,2,0
"728",0,0,0,0,1,2,2,0
"729",0,0,0,0,0,2,2,0
"730",0,0,0,0,0,2,2,0
"731",0,0,0,0,0,2,2,0
"732",0,1,1,4,1,2,2,0
"733",0,0,0,2,1,2,1,NA
"734",0,0,1,4,1,2,2,0
"735",0,0,0,0,1,2,1,NA
"736",0,1,0,0,0,2,2,0
"737",0,0,0,0,0,2,2,0
"738",0,1,0,0,0,2,1,NA
"739",0,1,1,0,1,2,2,0
"740",0,0,0,0,1,2,1,NA
"741",1,1,0,3,0,2,2,0
"742",0,0,1,0,1,2,1,NA
"743",0,0,1,2,1,2,1,NA
"744",1,0,0,0,0,2,2,0
"745",0,0,0,4,0,2,2,0
"746",0,0,1,0,0,2,1,NA
"747",0,0,0,0,0,2,2,0
"748",0,0,0,0,0,2,2,0
"749",0,0,0,3,0,2,2,0
"750",0,1,1,0,0,2,2,0
"751",0,1,1,1,0,2,1,NA
"752",0,0,0,4,1,2,2,0
"753",0,0,0,4,1,2,2,0
"754",0,1,0,0,0,2,2,0
"755",0,0,0,0,0,2,2,0
"756",0,1,1,2,0,2,1,NA
"757",0,0,0,0,1,2,1,NA
"758",0,1,0,1,0,2,2,0
"759",0,1,0,1,0,2,1,NA
"760",0,1,1,0,0,2,1,NA
"761",0,0,0,0,0,2,1,NA
"762",0,1,0,0,0,2,2,0
"763",0,0,0,0,0,2,1,NA
"764",0,1,0,0,1,2,1,NA
"765",0,0,0,0,0,2,1,NA
"766",0,1,0,2,0,2,2,0
"767",0,0,0,2,0,2,1,NA
"768",0,0,0,0,1,2,2,0
"769",1,1,0,3,1,2,2,0
"770",0,0,1,0,1,1,1,NA
"771",0,1,1,6,0,1,1,NA
"772",1,0,1,2,0,2,1,NA
"773",0,0,0,0,0,2,2,0
"774",0,1,0,0,0,2,1,NA
"775",0,1,0,0,0,2,1,NA
"776",3,0,1,5,0,2,1,NA
"777",0,0,0,0,0,2,2,0
"778",0,0,0,0,0,2,2,0
"779",1,1,0,2,0,2,1,NA
"780",0,0,0,4,0,2,2,0
"781",0,0,1,5,1,2,1,NA
"782",0,0,0,5,1,2,1,NA
"783",0,0,1,5,0,1,1,NA
"784",0,0,0,3,0,2,1,NA
"785",0,0,0,0,1,2,2,0
"786",0,0,1,6,0,2,1,NA
"787",0,0,0,2,1,1,1,NA
"788",0,0,0,4,1,2,1,NA
"789",1,0,1,11,1,2,1,NA
"790",0,0,0,7,0,1,1,NA
"791",0,0,0,0,0,2,2,0
"792",0,1,0,0,1,2,2,0
"793",0,1,1,0,0,1,1,NA
"794",0,1,0,2,0,2,1,NA
"795",0,1,0,0,0,2,1,NA
"796",0,0,0,0,0,2,1,NA
"797",0,0,0,3,1,2,2,0
"798",0,0,1,7,0,2,1,NA
"799",0,0,0,0,0,2,2,0
"800",0,0,0,0,0,2,1,NA
"801",0,0,1,2,0,2,2,1
"802",0,0,1,4,0,1,1,NA
"803",0,0,0,0,1,2,2,0
"804",0,0,0,0,0,2,1,NA
"805",0,0,0,5,0,2,2,0
"806",0,1,1,4,0,2,2,0
"807",0,0,0,1,1,2,1,NA
"808",0,0,0,0,0,2,2,0
"809",0,0,0,0,0,2,2,0
"810",0,0,1,2,0,2,1,NA
"811",0,0,0,3,0,2,2,0
"812",0,0,1,4,0,2,2,1
"813",0,0,0,0,0,2,2,0
"814",0,1,0,2,0,2,1,NA
"815",0,0,0,0,0,2,2,0
"816",1,0,0,0,0,2,2,0
"817",0,0,0,2,0,2,2,1
"818",0,1,0,0,0,2,2,0
"819",0,1,0,0,0,2,1,NA
"820",0,1,0,0,1,1,1,NA
"821",0,1,0,0,0,2,2,0
"822",0,1,1,2,0,2,1,NA
"823",0,0,0,8,0,2,1,NA
"824",0,0,0,0,0,2,2,0
"825",0,1,0,0,0,2,2,0
"826",2,0,1,0,1,1,1,NA
"827",0,0,1,6,0,1,1,NA
"828",0,1,1,0,0,2,1,NA
"829",2,0,0,0,1,2,2,0
"830",0,1,1,6,0,2,2,1
"831",0,0,0,0,0,2,1,NA
"832",0,0,0,3,0,2,2,0
"833",2,1,1,3,0,1,2,1
"834",0,0,0,0,0,2,1,NA
"835",0,0,0,2,0,2,1,NA
"836",0,1,0,0,0,2,2,0
"837",0,1,1,3,0,2,2,0
"838",0,0,0,0,0,2,1,NA
"839",0,0,1,3,1,2,2,0
"840",0,0,0,0,1,2,1,NA
"841",0,0,0,0,0,2,1,NA
"842",0,0,0,0,1,2,1,NA
"843",0,0,1,0,1,2,2,0
"844",0,1,0,0,0,2,1,NA
"845",0,1,0,0,0,2,2,0
"846",0,0,0,0,1,2,1,NA
"847",0,0,1,7,0,2,1,NA
"848",0,0,0,2,0,2,1,NA
"849",1,0,0,0,1,2,1,NA
"850",0,0,1,0,0,2,2,0
"851",0,0,0,0,0,2,1,NA
"852",0,0,0,0,0,2,2,0
"853",0,0,1,6,0,2,2,1
"854",0,0,0,3,0,2,2,0
"855",0,0,0,4,0,2,2,0
"856",0,1,0,2,0,2,2,0
"857",0,0,1,0,0,2,2,0
"858",0,1,1,5,0,2,2,0
"859",0,0,0,0,1,2,1,NA
"860",0,1,1,0,1,2,1,NA
"861",0,1,0,0,1,2,1,NA
"862",0,1,1,0,1,2,1,NA
"863",0,1,1,5,0,2,2,0
"864",0,0,0,0,1,1,1,NA
"865",1,0,0,2,0,2,1,NA
"866",0,0,0,0,0,2,2,0
"867",1,0,0,0,1,1,1,NA
"868",0,0,1,6,0,2,1,NA
"869",0,1,1,2,0,2,1,NA
"870",1,0,1,0,1,2,1,NA
"871",0,0,1,0,0,2,2,0
"872",2,1,1,4,1,2,2,0
"873",0,0,0,0,1,2,1,NA
"874",0,0,0,0,0,2,1,NA
"875",0,0,0,3,0,2,1,NA
"876",0,1,0,6,0,2,2,0
"877",0,0,0,0,0,2,2,0
"878",0,1,0,0,0,2,2,0
"879",2,0,0,0,1,1,1,NA
"880",0,0,1,3,1,1,1,NA
"881",2,1,0,0,0,2,1,NA
"882",0,0,0,2,1,2,1,NA
"883",0,1,1,0,1,2,2,0
"884",0,0,0,3,1,2,2,0
"885",0,1,0,0,1,1,1,NA
"886",0,1,0,0,0,2,2,0
"887",0,1,0,0,0,2,1,NA
"888",0,0,0,0,1,2,1,NA
"889",0,0,0,0,0,2,2,0
"890",0,0,1,1,1,2,2,0
"891",0,0,0,0,1,2,1,NA
"892",0,0,0,4,0,2,2,0
"893",0,0,0,0,1,2,2,0
"894",0,1,0,6,1,2,2,0
"895",1,0,0,2,1,2,1,NA
"896",0,0,0,3,1,2,2,0
"897",0,1,0,2,1,2,1,NA
"898",0,1,0,0,1,2,1,NA
"899",0,0,1,0,1,1,1,NA
"900",0,1,0,0,0,2,2,0
"901",0,0,1,0,0,2,1,NA
"902",0,1,1,0,1,2,2,0
"903",0,0,0,0,0,2,1,NA
"904",0,0,0,2,1,2,1,NA
"905",0,0,0,0,1,2,2,0
"906",0,0,1,0,1,2,1,NA
"907",0,1,1,2,0,2,2,0
"908",0,0,0,0,1,2,1,NA
"909",0,1,1,0,0,1,1,NA
"910",2,0,1,5,0,2,1,NA
"911",0,0,0,3,0,1,1,NA
"912",0,0,0,2,0,2,2,0
"913",0,1,1,5,0,1,1,NA
"914",0,0,0,0,0,2,2,0
"915",0,0,1,4,1,2,1,NA
"916",0,0,0,0,0,2,2,0
"917",0,1,1,3,0,2,1,NA
"918",1,1,0,1,1,2,1,NA
"919",0,0,0,8,0,2,2,0
"920",0,0,1,4,1,1,1,NA
"921",0,1,0,0,0,2,2,0
"922",0,0,0,0,0,2,2,0
"923",1,0,1,0,0,2,2,0
"924",0,0,0,0,0,2,2,0
"925",0,0,1,5,1,2,2,0
"926",0,1,1,4,1,2,1,NA
"927",0,1,1,0,0,2,2,0
"928",0,1,0,3,1,2,1,NA
"929",0,0,1,2,0,1,1,NA
"930",0,1,0,0,1,1,1,NA
"931",0,0,0,0,0,2,2,0
"932",0,0,0,0,0,2,2,0
"933",0,0,0,0,0,2,1,NA
"934",0,0,1,0,0,2,2,0
"935",0,1,0,0,0,2,2,0
"936",0,1,1,0,0,2,2,0
"937",0,1,0,0,0,1,2,1
"938",0,1,0,0,0,2,1,NA
"939",0,0,0,0,1,2,1,NA
"940",0,0,1,0,1,2,2,0
"941",1,0,0,0,1,2,1,NA
"942",0,1,0,0,0,2,2,0
"943",0,0,0,0,0,2,2,0
"944",0,0,0,0,1,2,2,0
"945",0,1,1,3,1,2,2,0
"946",0,0,1,6,1,2,2,0
"947",0,1,1,2,1,2,1,NA
"948",0,1,0,4,0,1,1,NA
"949",0,0,0,4,0,2,2,0
"950",3,1,0,2,0,2,1,NA
"951",0,1,0,4,0,2,1,NA
"952",0,1,1,3,1,1,1,NA
"953",0,0,0,0,1,2,1,NA
"954",0,0,0,0,1,2,2,0
"955",0,0,0,0,1,2,1,NA
"956",0,0,0,0,0,2,2,0
"957",0,0,0,0,1,2,1,NA
"958",0,0,0,0,0,2,1,NA
"959",0,0,0,0,0,2,2,0
"960",0,0,0,0,1,2,2,0
"961",0,0,0,3,1,2,1,NA
"962",0,1,0,2,0,2,1,NA
"963",0,1,0,0,0,2,1,NA
"964",0,0,1,0,0,2,2,0
"965",0,0,0,0,1,1,1,NA
"966",0,1,0,0,1,2,2,0
"967",0,1,1,0,1,2,1,NA
"968",0,0,1,4,1,1,1,NA
"969",0,1,1,6,0,2,1,NA
"970",0,1,0,0,1,2,2,0
"971",0,1,0,4,1,2,1,NA
"972",0,1,0,0,1,2,2,0
"973",0,0,1,3,0,2,1,NA
"974",0,0,0,0,1,2,1,NA
"975",0,0,0,5,1,2,2,0
"976",0,0,0,0,0,2,2,0
"977",0,1,0,2,0,2,1,NA
"978",0,1,1,3,0,2,1,NA
"979",0,1,0,0,0,2,2,1
"980",0,1,0,0,1,2,1,NA
"981",0,1,0,0,1,2,1,NA
"982",0,0,0,4,0,2,2,0
"983",0,0,0,0,0,2,2,0
"984",1,0,1,0,1,2,2,0
"985",0,0,1,0,0,2,2,0
"986",1,1,0,0,1,1,1,NA
"987",1,0,0,0,1,2,1,NA
"988",0,0,0,0,0,2,2,0
"989",1,0,0,5,1,2,2,0
"990",0,0,0,0,1,2,2,0
"991",0,0,1,2,1,2,1,NA
"992",0,1,1,4,1,1,1,NA
"993",0,1,0,1,0,2,1,NA
"994",0,0,0,2,0,2,1,NA
"995",0,0,0,3,0,2,1,NA
"996",0,0,0,0,0,2,1,NA
"997",0,0,1,1,0,1,1,NA
"998",0,1,1,2,0,2,1,NA
"999",0,0,0,0,0,2,1,NA
"1000",0,0,1,0,1,2,1,NA
"1001",0,1,1,0,1,2,1,NA
"1002",0,1,1,7,1,1,2,1
"1003",0,1,1,2,1,2,1,NA
"1004",0,0,1,4,0,1,1,NA
"1005",0,0,0,0,1,2,2,0
"1006",0,1,1,5,0,2,1,NA
"1007",0,0,0,0,0,1,1,NA
"1008",0,0,0,5,0,2,1,NA
"1009",0,0,1,0,0,2,1,NA
"1010",0,0,0,0,0,2,2,0
"1011",0,0,0,0,0,2,2,0
"1012",0,0,1,0,0,2,1,NA
"1013",0,1,1,0,0,1,1,NA
"1014",0,1,0,0,0,2,2,0
"1015",0,0,0,6,1,2,1,NA
"1016",0,0,0,0,0,2,2,1
"1017",0,0,0,0,1,2,2,0
"1018",0,1,0,0,0,2,2,0
"1019",0,0,0,0,1,1,1,NA
"1020",0,0,0,0,1,2,2,0
"1021",0,1,1,0,1,2,1,NA
"1022",1,1,0,3,0,2,1,NA
"1023",0,0,0,0,0,2,1,NA
"1024",0,0,1,0,0,2,1,NA
"1025",0,0,1,0,1,2,2,0
"1026",0,0,1,0,1,1,1,NA
"1027",0,1,1,0,1,2,1,NA
"1028",0,0,1,3,1,2,1,NA
"1029",0,0,1,3,0,2,1,NA
"1030",0,0,1,0,0,2,1,NA
"1031",0,1,1,0,1,2,1,NA
"1032",0,0,0,0,0,2,2,0
"1033",0,0,0,0,1,2,1,NA
"1034",0,1,0,2,1,2,2,0
"1035",0,0,0,0,0,2,2,0
"1036",0,0,0,0,0,2,2,0
"1037",0,0,0,3,0,2,1,NA
"1038",0,0,0,0,1,2,2,0
"1039",0,0,1,2,1,2,2,0
"1040",0,1,1,7,0,2,1,NA
"1041",0,0,1,2,0,2,1,NA
"1042",0,0,1,0,1,2,2,0
"1043",0,1,1,0,0,2,1,NA
"1044",0,0,1,2,1,2,2,0
"1045",0,0,0,0,1,2,2,0
"1046",0,0,0,3,1,2,2,0
"1047",0,0,1,0,1,2,1,NA
"1048",0,0,1,0,0,2,1,NA
"1049",0,0,0,4,1,2,1,NA
"1050",2,0,0,3,0,2,1,NA
"1051",0,0,0,0,0,2,1,NA
"1052",0,0,0,3,0,2,1,NA
"1053",0,1,1,2,0,2,1,NA
"1054",0,0,0,0,1,2,2,0
"1055",1,1,0,3,0,2,1,NA
"1056",0,0,1,0,0,2,2,0
"1057",0,1,0,0,1,2,2,0
"1058",0,0,0,0,0,2,2,0
"1059",0,0,0,0,1,2,2,0
"1060",0,1,1,0,1,1,1,NA
"1061",0,1,1,0,0,2,1,NA
"1062",0,0,1,0,1,2,1,NA
"1063",0,0,0,1,0,2,2,0
"1064",0,0,0,0,0,2,2,0
"1065",0,0,1,0,1,2,1,NA
"1066",0,0,0,0,1,2,2,0
"1067",0,0,1,0,1,2,2,0
"1068",0,0,0,0,0,2,1,NA
"1069",2,0,0,0,1,2,2,0
"1070",0,0,1,0,0,2,2,0
"1071",0,0,1,6,0,2,2,0
"1072",0,0,0,0,1,2,1,NA
"1073",0,0,0,0,1,2,2,0
"1074",0,0,1,5,0,2,2,0
"1075",0,0,0,3,1,2,1,NA
"1076",0,0,1,3,0,2,2,0
"1077",0,0,1,0,0,2,2,0
"1078",2,1,1,4,0,2,1,NA
"1079",0,0,1,0,0,2,2,0
"1080",0,0,0,0,0,2,2,0
"1081",0,0,0,0,0,2,2,0
"1082",0,0,0,0,1,2,1,NA
"1083",0,0,0,0,1,2,1,NA
"1084",1,0,1,9,0,2,2,0
"1085",0,0,0,2,0,2,1,NA
"1086",1,1,1,5,0,1,2,1
"1087",0,0,0,2,1,2,1,NA
"1088",0,1,1,6,1,2,2,0
"1089",0,0,0,0,1,2,2,0
"1090",0,1,0,5,0,2,2,0
"1091",0,0,0,0,0,2,2,0
"1092",0,1,1,0,0,2,2,0
"1093",0,1,0,6,0,1,1,NA
"1094",1,0,0,2,1,1,1,NA
"1095",0,0,0,0,1,2,1,NA
"1096",0,0,0,3,0,2,2,0
"1097",0,0,1,5,0,2,1,NA
"1098",0,0,0,0,0,2,1,NA
"1099",0,0,0,1,0,2,1,NA
"1100",0,0,0,0,1,2,1,NA
"1101",0,0,0,0,1,2,1,NA
"1102",0,0,1,4,1,2,1,NA
"1103",0,0,1,7,1,2,1,NA
"1104",0,1,1,4,1,2,1,NA
"1105",0,1,0,0,1,2,2,0
"1106",0,1,1,0,0,1,1,NA
"1107",1,0,0,3,1,2,2,0
"1108",0,1,1,0,0,2,2,0
"1109",0,1,0,0,1,2,1,NA
"1110",0,0,1,5,0,2,1,NA
"1111",0,0,1,0,1,2,1,NA
"1112",0,0,0,0,0,2,2,0
"1113",0,0,0,0,0,2,2,0
"1114",0,1,1,7,1,2,1,NA
"1115",0,0,1,3,1,2,1,NA
"1116",2,0,0,0,1,2,1,NA
"1117",0,0,0,0,1,2,2,0
"1118",0,1,0,0,0,2,1,NA
"1119",0,0,1,0,0,2,1,NA
"1120",0,1,0,0,0,2,1,NA
"1121",0,0,0,0,0,2,2,0
"1122",0,0,1,0,1,2,1,NA
"1123",0,0,1,5,0,2,1,NA
"1124",0,0,1,0,1,2,2,0
"1125",0,0,1,5,1,1,1,NA
"1126",0,1,0,0,1,2,2,0
"1127",0,0,0,0,0,2,1,NA
"1128",0,1,0,0,0,2,1,NA
"1129",0,0,0,2,0,2,1,NA
"1130",0,1,1,4,0,1,1,NA
"1131",0,0,1,0,0,2,2,0
"1132",0,0,0,4,0,2,2,0
"1133",0,0,0,3,1,2,1,NA
"1134",0,1,0,5,0,2,2,0
"1135",0,0,0,0,1,2,2,0
"1136",0,0,0,4,1,2,1,NA
"1137",0,1,1,7,1,1,1,NA
"1138",1,0,1,3,1,2,1,NA
"1139",0,0,1,0,1,2,2,0
"1140",0,1,0,0,0,2,2,0
"1141",0,1,0,0,1,2,2,0
"1142",0,1,0,5,1,2,2,0
"1143",0,0,1,3,1,2,1,NA
"1144",0,0,0,3,0,2,2,0
"1145",0,1,1,4,1,2,2,0
"1146",0,0,0,5,0,2,2,0
"1147",0,0,0,4,1,2,2,0
"1148",0,1,0,0,0,2,2,0
"1149",0,1,0,6,0,2,2,1
"1150",0,1,1,5,1,1,1,NA
"1151",0,0,0,5,0,1,2,1
"1152",0,1,0,0,0,2,1,NA
"1153",0,1,0,0,0,2,2,0
"1154",0,1,0,0,0,2,2,0
"1155",0,0,0,0,0,2,1,NA
"1156",0,1,0,0,0,2,2,0
"1157",0,0,0,3,0,2,1,NA
"1158",0,0,0,0,0,2,1,NA
"1159",0,1,0,4,1,1,1,NA
"1160",0,0,0,0,1,2,2,0
"1161",0,0,1,0,0,2,1,NA
"1162",0,1,1,4,0,2,2,0
"1163",0,0,0,0,1,2,2,0
"1164",0,0,0,1,0,2,2,0
"1165",0,0,0,0,0,2,1,NA
"1166",0,1,0,4,0,2,1,NA
"1167",0,0,1,7,0,2,1,NA
"1168",0,1,1,0,0,2,1,NA
"1169",0,0,0,3,1,1,2,1
"1170",2,0,0,3,0,2,2,0
"1171",0,0,1,5,0,2,1,NA
"1172",0,0,1,0,0,2,1,NA
"1173",0,1,0,7,0,2,1,NA
"1174",0,0,0,0,0,2,2,0
"1175",0,0,0,3,0,2,2,0
"1176",0,0,1,0,0,2,2,0
"1177",3,1,0,5,1,1,1,NA
"1178",0,0,1,0,1,1,1,NA
"1179",0,1,0,2,0,2,2,0
"1180",0,1,0,3,0,2,2,0
"1181",0,0,0,0,0,2,2,0
"1182",0,0,1,4,0,2,1,NA
"1183",0,0,0,6,0,2,1,NA
"1184",0,0,1,0,1,2,2,0
"1185",0,0,1,2,0,2,2,0
"1186",0,0,1,0,0,2,2,0
"1187",0,1,1,2,1,2,1,NA
"1188",0,1,0,0,1,2,1,NA
"1189",0,1,0,3,1,2,2,0
"1190",0,0,0,5,0,2,2,0
"1191",0,0,1,3,0,2,1,NA
"1192",0,1,1,0,1,1,1,NA
"1193",2,0,1,4,1,1,2,1
"1194",2,0,0,0,1,2,2,0
"1195",0,0,0,0,0,2,1,NA
"1196",0,1,0,2,1,2,2,0
"1197",0,1,1,0,1,1,1,NA
"1198",0,0,0,3,1,2,1,NA
"1199",0,1,1,6,1,1,1,NA
"1200",0,0,0,0,0,2,1,NA
"1201",0,0,1,0,0,2,2,0
"1202",0,1,1,0,0,2,2,0
"1203",1,0,1,5,1,1,2,1
"1204",0,0,1,5,0,1,1,NA
"1205",0,1,0,0,0,2,1,NA
"1206",0,0,0,0,1,2,2,0
"1207",0,1,1,0,1,2,2,0
"1208",0,0,0,0,1,2,1,NA
"1209",0,0,0,0,0,2,1,NA
"1210",0,0,0,0,1,2,1,NA
"1211",0,0,1,0,0,1,1,NA
"1212",0,0,0,0,0,2,2,0
"1213",0,0,1,0,1,2,2,0
"1214",2,1,0,7,1,1,2,1
"1215",0,0,0,1,1,2,1,NA
"1216",0,1,0,0,1,2,1,NA
"1217",0,1,1,0,0,2,1,NA
"1218",0,0,0,2,0,2,1,NA
"1219",0,0,1,5,1,2,2,0
"1220",0,1,1,0,0,1,1,NA
"1221",0,1,0,3,1,1,1,NA
"1222",0,1,0,0,0,2,2,0
"1223",0,1,0,0,1,2,1,NA
"1224",0,0,0,0,1,2,2,0
"1225",0,1,1,2,0,2,1,NA
"1226",0,0,1,0,0,2,1,NA
"1227",0,0,0,0,1,2,2,0
"1228",0,1,1,0,0,2,2,0
"1229",0,0,0,2,1,2,1,NA
"1230",0,0,0,0,0,2,1,NA
"1231",0,1,0,0,0,2,2,0
"1232",0,0,1,3,0,1,1,NA
"1233",0,0,1,3,1,1,1,NA
"1234",0,1,1,4,0,1,1,NA
"1235",0,0,1,5,1,2,2,0
"1236",0,0,1,0,0,2,1,NA
"1237",2,0,0,0,1,2,2,0
"1238",1,0,1,4,0,2,2,0
"1239",0,0,1,1,1,2,1,NA
"1240",1,0,0,2,1,2,1,NA
"1241",0,0,0,0,0,2,2,0
"1242",1,1,0,0,1,2,1,NA
"1243",0,0,1,4,0,2,1,NA
"1244",0,0,1,0,0,2,1,NA
"1245",0,0,1,5,0,1,2,1
"1246",0,0,1,4,0,2,1,NA
"1247",0,0,0,3,0,2,2,0
"1248",0,0,0,2,1,2,1,NA
"1249",0,0,0,0,1,2,2,0
"1250",0,1,1,4,1,2,1,NA
"1251",0,1,0,0,0,2,2,0
"1252",0,0,0,0,0,2,2,0
"1253",0,1,0,0,1,2,2,0
"1254",0,0,1,0,0,2,2,0
"1255",0,0,0,0,0,2,1,NA
"1256",1,0,0,11,0,2,2,1
"1257",0,0,0,0,0,2,1,NA
"1258",0,0,0,2,0,2,2,0
"1259",0,1,0,4,0,2,1,NA
"1260",0,0,1,0,1,1,1,NA
"1261",0,0,0,4,1,2,1,NA
"1262",0,1,0,0,0,2,2,0
"1263",1,1,1,0,1,2,2,0
"1264",0,0,1,4,0,2,2,0
"1265",0,0,0,0,0,2,2,0
"1266",1,0,1,4,0,1,1,NA
"1267",0,0,0,2,0,2,2,0
"1268",0,0,1,4,0,2,1,NA
"1269",0,0,1,3,0,2,1,NA
"1270",0,0,0,4,0,2,2,0
"1271",0,0,1,0,1,2,1,NA
"1272",0,0,0,0,1,2,2,0
"1273",0,1,1,6,1,1,1,NA
"1274",3,0,0,3,1,1,1,NA
"1275",0,0,0,0,0,1,1,NA
"1276",0,1,1,4,1,1,1,NA
"1277",0,0,1,3,0,2,2,0
"1278",0,0,1,0,1,2,2,0
"1279",0,1,1,3,0,2,2,0
"1280",0,0,0,0,1,2,1,NA
"1281",0,0,1,2,1,2,2,0
"1282",0,1,0,0,0,1,1,NA
"1283",0,1,0,0,1,2,1,NA
"1284",0,0,1,0,1,2,2,0
"1285",0,1,0,0,0,2,1,NA
"1286",0,0,0,3,0,1,1,NA
"1287",0,1,1,0,1,1,1,NA
"1288",0,0,0,0,1,2,1,NA
"1289",0,0,0,0,0,2,1,NA
"1290",0,1,1,3,0,2,1,NA
"1291",0,0,0,0,0,2,1,NA
"1292",0,1,0,2,0,2,1,NA
"1293",0,1,1,4,0,1,2,1
"1294",0,1,1,0,0,1,1,NA
"1295",1,0,0,3,1,2,1,NA
"1296",0,0,0,0,0,2,2,0
"1297",0,1,0,0,0,2,1,NA
"1298",0,0,1,0,1,2,1,NA
"1299",0,0,0,0,1,2,2,0
"1300",0,0,0,0,0,2,2,0
"1301",0,0,1,2,0,2,2,0
"1302",0,1,0,0,0,2,2,0
"1303",0,1,0,0,0,2,1,NA
"1304",0,1,1,3,1,2,2,0
"1305",0,0,0,0,1,2,1,NA
"1306",0,1,0,3,1,2,2,0
"1307",1,0,0,0,0,1,1,NA
"1308",0,0,1,0,0,2,1,NA
"1309",0,1,0,0,1,2,1,NA
"1310",0,0,0,0,1,2,1,NA
"1311",0,0,1,7,0,2,2,0
"1312",0,1,0,0,1,2,2,0
"1313",0,0,0,0,1,2,1,NA
"1314",0,1,1,0,1,2,1,NA
"1315",0,1,1,3,1,2,1,NA
"1316",0,0,1,0,0,2,2,0
"1317",0,0,0,5,0,2,1,NA
"1318",0,0,1,5,1,1,1,NA
"1319",0,0,0,0,1,2,2,0
"1320",0,1,1,2,0,2,2,0
"1321",0,0,1,0,0,2,1,NA
"1322",1,0,0,1,1,2,2,0
"1323",0,1,1,6,0,2,1,NA
"1324",0,0,0,0,1,2,2,0
"1325",0,1,0,0,0,2,2,0
"1326",0,1,1,2,1,2,1,NA
"1327",0,1,1,0,0,2,1,NA
"1328",2,1,0,7,0,1,1,NA
"1329",0,0,1,0,1,2,1,NA
"1330",0,0,1,0,1,2,1,NA
"1331",0,0,0,0,1,2,1,NA
"1332",0,0,0,0,0,2,1,NA
"1333",0,0,1,0,1,2,1,NA
"1334",0,1,0,0,0,2,2,0
"1335",0,0,1,2,1,2,2,0
"1336",0,0,0,0,1,2,2,0
"1337",0,0,0,0,1,1,1,NA
"1338",0,0,0,0,1,2,1,NA
"1339",0,1,1,3,0,2,1,NA
"1340",0,0,0,0,0,2,1,NA
"1341",0,1,0,0,1,2,1,NA
"1342",0,1,0,4,1,1,1,NA
"1343",0,0,0,0,0,2,2,0
"1344",0,0,0,0,0,2,2,0
"1345",0,1,0,0,1,2,1,NA
"1346",0,0,0,0,0,2,2,0
"1347",0,0,0,3,0,2,1,NA
"1348",0,1,1,0,0,2,2,0
"1349",0,1,1,3,0,2,2,0
"1350",0,1,1,0,1,2,1,NA
"1351",0,0,0,2,1,2,1,NA
"1352",0,0,0,0,1,2,2,0
"1353",0,0,0,0,0,2,1,NA
"1354",0,0,0,0,0,2,2,0
"1355",1,1,1,5,0,1,2,1
"1356",0,0,0,4,0,2,1,NA
"1357",0,1,0,2,0,2,2,0
"1358",0,0,0,5,0,1,1,NA
"1359",0,1,0,0,1,2,1,NA
"1360",0,0,0,0,0,2,2,0
"1361",0,0,0,0,1,2,1,NA
"1362",0,0,1,3,0,2,2,1
"1363",0,0,1,0,0,2,2,0
"1364",0,1,1,4,1,2,2,0
"1365",0,0,0,0,1,2,2,0
"1366",0,0,0,0,0,2,1,NA
"1367",0,1,1,4,1,2,2,0
"1368",0,0,0,0,0,2,2,0
"1369",0,0,1,3,0,2,1,NA
"1370",0,0,0,0,1,2,2,0
"1371",0,1,0,0,0,2,1,NA
"1372",0,0,1,3,0,2,2,0
"1373",0,0,0,7,1,2,1,NA
"1374",0,0,1,5,0,2,2,1
"1375",0,0,1,0,1,2,1,NA
"1376",0,1,1,0,1,2,1,NA
"1377",0,0,0,0,1,2,2,0
"1378",0,0,0,0,0,2,2,0
"1379",0,1,0,0,1,1,1,NA
"1380",0,0,0,0,1,1,1,NA
"1381",0,1,0,0,1,2,1,NA
"1382",0,0,0,0,0,2,1,NA
"1383",0,0,0,0,0,2,2,0
"1384",0,0,1,2,1,2,1,NA
"1385",0,0,0,0,1,2,1,NA
"1386",0,0,0,2,1,2,1,NA
"1387",0,1,1,4,1,1,1,NA
"1388",0,0,0,0,0,2,1,NA
"1389",0,0,1,4,1,1,1,NA
"1390",0,0,0,0,0,2,1,NA
"1391",0,0,0,0,1,2,2,0
"1392",0,0,1,3,0,2,2,0
"1393",0,0,1,0,1,2,2,0
"1394",0,1,1,0,1,2,1,NA
"1395",0,0,1,0,0,2,1,NA
"1396",0,0,1,0,0,2,2,0
"1397",0,0,0,0,0,2,2,0
"1398",0,0,1,0,1,2,1,NA
"1399",0,1,1,0,1,2,1,NA
"1400",1,0,1,4,1,2,2,0
"1401",0,1,0,0,0,2,2,0
"1402",0,0,1,0,0,2,1,NA
"1403",0,0,1,3,0,2,2,0
"1404",0,0,0,0,0,2,2,0
"1405",0,1,1,3,1,2,2,0
"1406",0,1,1,0,0,2,2,0
"1407",0,1,1,1,0,1,1,NA
"1408",0,0,0,0,1,2,2,0
"1409",0,1,0,2,1,2,1,NA
"1410",0,0,0,0,1,2,1,NA
"1411",0,0,1,0,0,2,1,NA
"1412",0,0,0,3,0,2,2,0
"1413",0,1,1,4,1,1,1,NA
"1414",0,0,0,0,0,2,2,0
"1415",0,1,0,4,1,1,1,NA
"1416",0,0,0,0,1,2,1,NA
"1417",1,1,1,1,0,2,2,1
"1418",0,1,1,0,0,2,1,NA
"1419",0,1,0,0,0,2,1,NA
"1420",0,0,0,0,0,2,2,0
"1421",0,0,1,3,1,1,2,1
"1422",0,0,0,0,0,2,1,NA
"1423",0,0,0,0,0,2,1,NA
"1424",0,1,1,0,1,2,2,0
"1425",0,1,1,4,1,2,1,NA
"1426",0,0,1,6,1,1,1,NA
"1427",0,0,0,0,0,2,2,0
"1428",0,0,0,0,0,2,1,NA
"1429",0,0,0,3,0,2,1,NA
"1430",0,0,1,8,1,2,1,NA
"1431",0,0,0,0,1,2,1,NA
"1432",0,0,0,0,1,2,2,0
"1433",0,0,1,2,1,2,1,NA
"1434",0,0,1,0,0,2,2,0
"1435",0,0,0,0,1,2,1,NA
"1436",0,0,0,0,0,2,2,0
"1437",0,1,1,3,0,2,2,0
"1438",0,0,1,1,0,1,1,NA
"1439",0,1,0,1,0,2,1,NA
"1440",0,0,0,0,0,2,1,NA
"1441",0,0,0,0,0,2,2,0
"1442",0,0,1,0,0,2,2,0
"1443",0,0,1,4,0,2,1,NA
"1444",0,0,0,0,0,2,1,NA
"1445",0,0,1,1,0,2,2,0
"1446",0,0,0,2,0,2,1,NA
"1447",0,1,1,5,0,2,1,NA
"1448",0,0,0,0,1,2,2,0
"1449",0,0,0,0,1,2,1,NA
"1450",0,0,0,0,1,2,1,NA
"1451",0,1,1,0,1,2,2,0
"1452",1,1,0,3,1,2,2,0
"1453",0,0,0,0,0,2,2,0
"1454",1,0,1,8,1,1,2,1
"1455",2,0,1,3,1,1,1,NA
"1456",0,1,0,0,1,2,1,NA
"1457",0,0,0,2,1,2,2,0
"1458",0,0,0,6,1,1,2,1
"1459",0,0,0,0,0,2,2,0
"1460",0,0,0,2,1,2,2,0
"1461",0,0,1,5,0,2,2,0
"1462",0,0,0,0,0,2,2,0
"1463",3,0,1,9,1,1,2,1
"1464",0,1,0,0,0,2,2,0
"1465",0,0,0,0,1,2,1,NA
"1466",0,1,0,0,1,2,2,0
"1467",0,0,1,0,0,2,2,0
"1468",0,0,1,6,1,2,1,NA
"1469",0,0,0,0,1,2,2,0
"1470",0,1,0,3,1,2,1,NA
"1471",0,0,0,0,1,2,1,NA
"1472",0,0,0,4,1,2,2,0
"1473",1,0,1,3,0,2,2,0
"1474",0,1,0,3,1,2,2,0
"1475",0,0,0,0,1,2,2,0
"1476",0,1,1,5,1,1,1,NA
"1477",1,1,0,0,0,1,1,NA
"1478",1,0,1,3,0,1,1,NA
"1479",0,0,0,0,0,2,1,NA
"1480",0,0,1,0,1,1,1,NA
"1481",0,0,1,5,0,1,1,NA
"1482",0,1,1,3,0,2,1,NA
"1483",0,1,0,0,0,2,2,0
"1484",0,0,0,0,1,2,1,NA
"1485",0,0,0,0,0,1,1,NA
"1486",1,1,1,9,1,1,1,NA
"1487",0,0,1,6,1,2,1,NA
"1488",0,0,1,8,0,2,1,NA
"1489",0,1,0,0,1,2,2,0
"1490",0,0,0,0,0,2,1,NA
"1491",0,1,0,3,1,2,1,NA
"1492",0,0,0,4,1,2,1,NA
"1493",0,0,0,3,1,2,2,0
"1494",0,0,1,0,1,2,1,NA
"1495",0,0,0,0,1,2,2,0
"1496",0,1,0,0,0,2,1,NA
"1497",0,0,1,6,1,1,1,NA
"1498",0,0,0,4,1,2,1,NA
"1499",0,1,1,4,0,1,1,NA
"1500",0,1,0,0,0,2,1,NA
"1501",0,1,0,2,0,2,2,0
"1502",0,0,1,2,0,2,2,0
"1503",1,1,1,0,1,2,1,NA
"1504",0,0,0,0,1,2,2,0
"1505",0,0,1,2,1,2,2,0
"1506",0,1,0,0,0,2,1,NA
"1507",0,1,0,7,0,1,1,NA
"1508",0,0,0,0,1,2,1,NA
"1509",0,0,0,0,0,2,2,0
"1510",0,1,1,2,0,2,2,0
"1511",0,0,0,0,0,2,2,0
"1512",1,1,0,0,0,2,2,0
"1513",1,0,1,6,1,1,1,NA
"1514",0,0,1,0,0,2,2,0
"1515",0,0,0,0,0,1,1,NA
"1516",0,0,1,3,0,2,2,0
"1517",0,0,0,0,0,2,2,0
"1518",0,0,0,4,0,2,2,0
"1519",0,0,0,2,1,2,1,NA
"1520",0,1,0,0,0,2,1,NA
"1521",0,1,0,5,1,1,1,NA
"1522",0,0,0,0,1,2,2,0
"1523",0,1,1,0,0,2,2,0
"1524",1,0,0,3,1,2,2,0
"1525",1,1,1,7,1,2,1,NA
"1526",0,1,1,0,0,1,1,NA
"1527",1,0,1,7,1,1,1,NA
"1528",0,0,0,1,1,2,2,0
"1529",0,0,0,4,0,2,1,NA
"1530",0,0,0,0,0,2,2,0
"1531",0,1,0,0,0,2,2,0
"1532",2,0,0,4,0,1,1,NA
"1533",0,0,0,4,0,2,1,NA
"1534",0,0,0,0,0,2,1,NA
"1535",0,0,0,0,1,2,1,NA
"1536",0,1,0,0,1,2,1,NA
"1537",0,0,1,0,0,2,1,NA
"1538",0,0,0,0,0,2,1,NA
"1539",1,0,0,0,0,2,2,0
"1540",0,1,0,0,0,2,1,NA
"1541",0,0,1,3,1,1,2,1
"1542",0,0,1,2,1,2,2,0
"1543",0,0,0,2,1,1,1,NA
"1544",0,0,0,0,0,2,2,0
"1545",0,1,1,0,1,2,2,0
"1546",0,0,1,2,0,2,1,NA
"1547",1,1,1,3,0,2,1,NA
"1548",0,0,0,0,1,2,1,NA
"1549",0,1,1,4,1,1,2,1
"1550",0,0,0,4,0,2,2,0
"1551",0,0,0,0,0,2,2,0
"1552",0,1,0,4,0,2,2,0
"1553",0,0,0,0,1,2,2,0
"1554",0,0,1,7,0,2,1,NA
"1555",0,0,0,0,1,2,2,0
"1556",0,0,0,4,1,2,1,NA
"1557",0,1,0,0,1,2,2,0
"1558",0,1,1,3,1,1,1,NA
"1559",0,0,1,0,0,2,2,0
"1560",0,1,1,0,0,1,1,NA
"1561",0,1,0,0,1,2,2,0
"1562",0,1,1,0,0,2,2,0
"1563",0,1,1,5,0,2,1,NA
"1564",0,0,0,0,0,2,2,0
"1565",0,1,0,4,0,1,1,NA
"1566",0,0,0,4,0,2,2,0
"1567",1,1,1,0,0,1,1,NA
"1568",0,0,1,0,0,2,1,NA
"1569",0,0,0,0,0,2,2,0
"1570",0,0,0,3,0,2,1,NA
"1571",0,0,1,0,0,2,1,NA
"1572",0,1,0,0,1,2,1,NA
"1573",0,1,0,5,0,2,2,0
"1574",0,0,0,3,0,1,1,NA
"1575",0,0,0,0,1,2,1,NA
"1576",0,0,1,2,1,2,1,NA
"1577",0,0,1,0,0,2,2,0
"1578",0,1,0,2,0,2,2,0
"1579",0,1,0,8,0,1,1,NA
"1580",0,0,0,0,0,2,2,0
"1581",0,0,0,0,1,2,1,NA
"1582",0,0,1,9,1,2,1,NA
"1583",0,1,1,2,1,2,2,0
"1584",0,0,0,5,1,2,2,0
"1585",0,0,0,0,1,2,2,0
"1586",0,1,0,0,0,2,2,0
"1587",0,0,1,2,1,2,1,NA
"1588",2,0,0,0,0,2,2,0
"1589",0,0,1,2,0,2,2,0
"1590",0,0,0,2,1,2,1,NA
"1591",0,0,1,4,1,1,1,NA
"1592",0,0,0,0,0,2,1,NA
"1593",0,0,1,0,0,2,2,0
"1594",0,0,0,5,1,2,2,0
"1595",0,0,0,0,0,2,1,NA
"1596",0,0,1,3,0,2,1,NA
"1597",0,0,0,0,1,2,1,NA
"1598",0,0,0,0,1,2,2,0
"1599",0,0,0,0,0,2,2,0
"1600",0,0,0,5,0,2,1,NA
"1601",0,0,0,3,0,2,1,NA
"1602",0,0,1,0,1,2,2,0
"1603",0,0,1,0,1,2,2,0
"1604",0,0,0,7,1,2,2,0
"1605",0,0,1,0,0,2,1,NA
"1606",0,0,0,0,0,2,2,0
"1607",0,0,1,0,0,2,1,NA
"1608",0,1,1,0,1,2,1,NA
"1609",1,0,1,0,0,2,1,NA
"1610",0,0,1,0,0,2,2,0
"1611",0,0,0,2,1,2,2,0
"1612",0,0,1,0,0,2,2,0
"1613",0,0,0,0,0,2,2,0
"1614",0,0,0,2,0,2,1,NA
"1615",0,0,1,0,0,2,1,NA
"1616",0,0,0,3,0,2,1,NA
"1617",1,1,0,0,0,2,2,0
"1618",0,1,1,4,1,1,1,NA
"1619",0,1,0,0,1,2,2,0
"1620",0,1,1,0,0,2,1,NA
"1621",0,1,0,6,1,2,2,0
"1622",0,1,1,4,0,1,1,NA
"1623",0,0,0,10,1,2,2,0
"1624",0,0,1,8,0,2,1,NA
"1625",0,0,0,0,0,2,2,0
"1626",0,0,1,0,0,2,2,0
"1627",0,0,1,4,0,2,1,NA
"1628",0,0,0,0,1,2,2,0
"1629",0,0,0,2,0,2,1,NA
"1630",0,0,0,6,0,1,2,1
"1631",1,1,1,3,0,1,1,NA
"1632",0,0,0,0,0,2,2,0
"1633",0,0,0,0,1,2,1,NA
"1634",0,0,0,3,0,2,2,0
"1635",0,0,0,0,0,2,1,NA
"1636",0,1,0,0,0,2,2,0
"1637",0,0,1,3,1,2,1,NA
"1638",0,0,0,0,1,2,1,NA
"1639",0,0,0,12,0,1,1,NA
"1640",0,0,0,0,0,2,2,0
"1641",0,0,1,0,0,2,1,NA
"1642",0,0,1,0,1,2,1,NA
"1643",0,1,1,0,0,2,1,NA
"1644",0,0,1,7,1,1,1,NA
"1645",0,1,1,0,0,2,2,0
"1646",0,0,0,4,0,2,2,0
"1647",0,0,1,6,1,2,2,0
"1648",0,0,0,0,0,2,2,0
"1649",0,1,1,5,0,1,1,NA
"1650",1,0,1,7,0,2,1,NA
"1651",0,1,0,0,0,2,1,NA
"1652",0,1,1,0,0,2,2,0
"1653",0,0,0,0,0,2,2,0
"1654",0,0,1,0,1,1,1,NA
"1655",0,1,0,0,0,2,2,0
"1656",0,1,0,2,0,2,2,0
"1657",0,0,0,0,1,2,1,NA
"1658",0,0,1,0,0,2,2,0
"1659",0,0,0,0,0,2,2,0
"1660",0,0,1,0,1,2,1,NA
"1661",1,0,1,3,1,2,1,NA
"1662",0,0,0,0,1,2,1,NA
"1663",0,0,0,0,0,2,2,0
"1664",0,1,0,4,1,2,1,NA
"1665",0,0,0,4,0,2,2,0
"1666",2,0,0,0,0,1,1,NA
"1667",0,0,0,0,0,2,1,NA
"1668",0,1,1,0,0,2,2,1
"1669",0,0,0,5,0,2,1,NA
"1670",0,0,0,0,0,2,1,NA
"1671",0,0,0,0,1,2,1,NA
"1672",0,0,0,0,0,2,2,0
"1673",0,0,1,0,0,2,2,0
"1674",0,1,0,0,1,2,2,0
"1675",1,0,0,5,0,1,2,1
"1676",0,0,1,3,1,2,2,0
"1677",1,0,1,0,1,1,1,NA
"1678",0,0,0,2,0,2,1,NA
"1679",0,1,1,0,1,2,1,NA
"1680",0,0,0,0,0,2,1,NA
"1681",0,0,0,0,0,2,1,NA
"1682",0,0,0,0,0,2,1,NA
"1683",0,0,1,4,1,1,1,NA
"1684",0,1,0,9,1,1,1,NA
"1685",0,0,0,0,0,2,1,NA
"1686",0,0,1,0,0,2,2,0
"1687",0,0,0,4,0,2,1,NA
"1688",0,0,0,0,0,2,1,NA
"1689",0,0,0,0,0,2,1,NA
"1690",1,1,1,3,1,1,1,NA
"1691",0,0,1,5,1,2,1,NA
"1692",0,0,0,0,0,2,1,NA
"1693",0,0,1,0,1,2,2,0
"1694",0,1,1,1,0,2,1,NA
"1695",0,1,1,8,1,1,1,NA
"1696",0,0,0,0,0,2,1,NA
"1697",0,1,1,3,1,1,1,NA
"1698",0,1,0,0,1,2,1,NA
"1699",0,1,1,5,0,2,2,0
"1700",0,0,0,0,0,2,1,NA
"1701",0,0,0,0,1,1,1,NA
"1702",0,0,1,5,1,2,2,0
"1703",0,0,0,3,1,1,1,NA
"1704",1,0,0,2,0,2,1,NA
"1705",0,0,0,0,0,2,1,NA
"1706",0,1,1,0,0,2,2,0
"1707",0,0,0,2,0,2,2,0
"1708",0,1,1,5,0,2,1,NA
"1709",0,0,0,3,0,2,1,NA
"1710",0,1,1,6,1,2,1,NA
"1711",0,0,0,0,0,1,1,NA
"1712",1,0,1,0,1,2,1,NA
"1713",0,0,0,0,0,2,2,0
"1714",0,0,0,0,0,2,1,NA
"1715",0,0,0,0,0,2,2,0
"1716",0,1,0,1,1,2,2,0
"1717",0,0,0,0,1,2,1,NA
"1718",0,0,1,0,1,2,2,0
"1719",0,0,0,0,1,2,2,0
"1720",0,0,0,3,0,2,2,0
"1721",0,0,1,4,0,2,1,NA
"1722",0,1,0,0,0,2,2,0
"1723",0,1,0,0,0,2,2,0
"1724",0,0,1,0,1,2,2,0
"1725",0,0,0,0,0,2,2,0
"1726",0,1,0,0,1,1,1,NA
"1727",0,1,0,0,1,2,1,NA
"1728",0,0,0,0,1,2,1,NA
"1729",0,1,1,0,0,1,1,NA
"1730",0,0,0,0,0,2,2,0
"1731",0,0,0,3,0,2,2,0
"1732",0,0,0,3,1,2,2,0
"1733",0,0,0,3,1,2,2,0
"1734",0,0,0,0,1,2,1,NA
"1735",0,0,0,0,1,2,1,NA
"1736",0,0,0,0,1,2,2,0
"1737",0,1,0,0,0,2,2,0
"1738",0,1,1,0,1,2,2,0
"1739",0,1,1,0,0,1,1,NA
"1740",0,0,1,10,0,2,2,0
"1741",0,0,0,0,0,2,2,0
"1742",0,0,0,0,0,2,1,NA
"1743",0,0,1,5,1,2,2,0
"1744",0,1,0,2,0,2,1,NA
"1745",0,0,0,1,0,2,1,NA
"1746",0,0,0,0,0,2,2,0
"1747",0,1,1,0,1,2,1,NA
"1748",0,1,1,0,0,2,2,0
"1749",0,0,0,0,1,2,1,NA
"1750",0,0,0,0,1,2,2,0
"1751",0,0,0,0,0,2,1,NA
"1752",2,1,0,4,0,2,1,NA
"1753",0,1,0,0,0,2,1,NA
"1754",1,0,0,4,0,2,1,NA
"1755",0,1,1,3,0,2,2,0
"1756",0,0,1,0,0,2,2,0
"1757",0,1,0,4,0,2,2,0
"1758",0,1,1,0,0,2,2,0
"1759",0,0,1,0,1,2,2,0
"1760",0,0,0,0,1,2,1,NA
"1761",0,0,0,2,0,2,1,NA
"1762",0,0,0,0,1,1,2,1
"1763",0,0,1,4,1,2,1,NA
"1764",0,1,0,0,1,1,1,NA
"1765",0,0,0,0,0,2,2,0
"1766",0,0,1,0,0,2,1,NA
"1767",0,0,1,0,0,2,1,NA
"1768",0,0,1,2,0,2,2,0
"1769",1,0,0,0,0,2,2,0
"1770",0,0,1,0,0,1,1,NA
"1771",0,1,0,4,1,2,2,0
"1772",0,0,1,4,0,2,2,0
"1773",0,1,0,0,1,2,1,NA
"1774",0,0,0,0,0,2,2,0
"1775",0,1,0,3,1,1,1,NA
"1776",0,0,0,0,1,2,2,0
"1777",0,0,0,0,1,2,1,NA
"1778",1,1,1,2,0,2,2,1
"1779",0,0,0,0,0,2,2,0
"1780",0,1,0,5,0,2,2,0
"1781",0,0,0,0,0,2,2,0
"1782",0,0,0,4,1,2,1,NA
"1783",0,0,1,4,0,2,1,NA
"1784",0,0,0,0,1,2,1,NA
"1785",0,0,1,0,0,2,1,NA
"1786",0,1,1,0,0,2,2,0
"1787",0,1,1,5,0,2,2,0
"1788",0,1,0,0,1,2,2,0
"1789",0,0,1,0,0,1,1,NA
"1790",1,0,0,4,0,2,1,NA
"1791",3,1,0,4,0,2,1,NA
"1792",0,0,0,0,1,2,1,NA
"1793",0,1,0,1,1,2,2,0
"1794",0,1,0,0,0,2,2,0
"1795",0,0,1,4,0,2,2,0
"1796",0,1,0,0,0,2,1,NA
"1797",0,1,0,0,0,1,1,NA
"1798",0,1,0,2,0,2,1,NA
"1799",0,1,0,5,0,2,2,0
"1800",0,0,0,0,0,2,1,NA
"1801",0,0,0,0,1,2,1,NA
"1802",0,0,0,0,0,2,2,0
"1803",2,0,1,7,0,2,1,NA
"1804",0,1,0,3,1,2,1,NA
"1805",0,0,0,0,1,2,1,NA
"1806",0,1,0,0,0,2,1,NA
"1807",0,0,0,0,0,1,1,NA
"1808",0,0,0,0,1,2,1,NA
"1809",0,0,0,0,0,2,1,NA
"1810",0,0,0,3,1,2,2,0
"1811",0,1,1,7,0,2,1,NA
"1812",0,0,1,0,0,2,2,0
"1813",0,0,1,0,0,2,2,0
"1814",0,1,0,1,1,2,1,NA
"1815",0,0,1,0,1,2,1,NA
"1816",0,1,1,0,1,1,1,NA
"1817",0,1,0,2,0,2,1,NA
"1818",1,1,0,2,1,2,2,0
"1819",0,1,1,0,0,2,1,NA
"1820",0,1,0,0,1,2,2,0
"1821",1,0,0,0,0,2,1,NA
"1822",0,0,0,2,0,2,2,0
"1823",0,0,0,0,0,2,2,0
"1824",0,0,0,3,0,2,2,0
"1825",0,0,1,2,0,2,1,NA
"1826",0,0,0,0,0,2,1,NA
"1827",0,0,1,0,0,2,1,NA
"1828",0,0,0,0,1,2,1,NA
"1829",0,0,1,3,0,2,2,1
"1830",0,1,0,0,1,2,2,0
"1831",0,0,1,1,0,2,1,NA
"1832",0,0,0,0,0,2,1,NA
"1833",0,0,0,0,1,2,1,NA
"1834",0,0,0,6,1,2,1,NA
"1835",0,1,0,0,1,1,1,NA
"1836",0,1,0,3,0,2,1,NA
"1837",0,0,0,2,0,2,1,NA
"1838",0,0,0,0,0,2,2,0
"1839",0,1,0,5,1,2,2,0
"1840",0,1,1,0,0,2,2,0
"1841",0,1,1,2,0,1,1,NA
"1842",0,1,1,8,1,1,1,NA
"1843",0,0,1,0,0,2,1,NA
"1844",0,0,1,5,0,2,1,NA
"1845",0,0,0,0,0,2,2,0
"1846",1,0,0,4,1,2,1,NA
"1847",0,0,0,0,1,2,2,0
"1848",0,0,0,0,1,2,2,0
"1849",0,0,0,0,0,2,2,0
"1850",0,1,1,3,0,2,1,NA
"1851",0,1,0,4,0,1,2,1
"1852",0,1,0,0,1,2,2,0
"1853",0,0,1,0,1,2,2,0
"1854",0,1,0,0,0,2,2,0
"1855",0,0,0,0,1,2,2,0
"1856",0,1,0,0,1,2,1,NA
"1857",0,0,0,1,1,2,1,NA
"1858",0,0,0,0,0,2,2,0
"1859",0,0,0,4,0,2,2,0
"1860",0,0,1,0,1,2,1,NA
"1861",0,0,0,0,0,2,2,0
"1862",0,0,0,0,1,2,1,NA
"1863",0,0,1,0,0,2,2,0
"1864",0,1,1,0,1,2,1,NA
"1865",0,0,0,0,0,2,2,0
"1866",0,0,0,1,0,2,1,NA
"1867",0,1,0,0,0,2,2,0
"1868",0,1,0,0,0,2,2,0
"1869",0,0,1,2,0,2,2,0
"1870",0,0,0,3,1,2,2,0
"1871",1,0,0,0,1,2,2,0
"1872",0,0,0,0,0,2,1,NA
"1873",0,1,0,3,1,2,1,NA
"1874",0,1,1,0,0,1,1,NA
"1875",0,1,0,0,0,2,2,0
"1876",0,0,0,0,1,2,1,NA
"1877",1,0,0,5,0,2,1,NA
"1878",0,1,0,4,1,2,2,0
"1879",0,0,0,2,0,2,2,0
"1880",0,0,1,3,0,1,1,NA
"1881",0,1,0,2,1,2,1,NA
"1882",0,1,0,2,0,2,2,0
"1883",0,1,1,3,1,2,2,0
"1884",0,0,1,3,0,2,2,0
"1885",0,0,0,7,1,2,2,0
"1886",0,0,1,2,1,1,1,NA
"1887",0,0,0,0,0,2,1,NA
"1888",0,1,0,0,0,2,1,NA
"1889",0,0,0,0,1,2,2,0
"1890",0,1,0,0,0,2,2,0
"1891",0,0,1,2,1,2,1,NA
"1892",0,1,0,0,1,2,2,0
"1893",0,0,0,0,1,2,1,NA
"1894",0,0,1,5,0,2,2,1
"1895",0,1,0,0,0,2,1,NA
"1896",0,0,0,4,1,2,1,NA
"1897",0,0,0,0,0,2,2,0
"1898",1,0,1,2,1,1,2,1
"1899",0,0,0,0,0,2,1,NA
"1900",0,0,0,4,1,2,2,0
"1901",1,1,1,5,0,1,1,NA
"1902",0,1,0,0,1,2,1,NA
"1903",0,1,1,1,0,2,2,0
"1904",0,0,0,0,1,2,1,NA
"1905",0,0,0,0,0,2,2,0
"1906",0,0,0,0,0,2,2,0
"1907",0,0,0,3,0,2,2,0
"1908",0,0,0,4,0,2,2,0
"1909",0,0,0,3,0,2,1,NA
"1910",0,0,0,3,0,2,1,NA
"1911",0,1,1,0,0,1,1,NA
"1912",0,0,0,1,1,2,1,NA
"1913",0,1,0,4,0,2,1,NA
"1914",0,1,0,3,1,2,2,0
"1915",0,0,0,0,1,2,2,0
"1916",0,1,1,4,1,2,1,NA
"1917",0,0,0,0,0,2,1,NA
"1918",0,0,1,5,0,1,1,NA
"1919",0,0,1,0,1,1,1,NA
"1920",0,1,1,5,1,2,2,0
"1921",0,1,0,2,1,2,2,0
"1922",0,1,0,0,1,2,2,0
"1923",0,1,0,2,1,2,2,0
"1924",0,1,1,4,0,2,1,NA
"1925",0,0,0,0,0,2,2,0
"1926",0,0,1,2,1,2,2,0
"1927",0,0,0,4,1,2,2,0
"1928",0,1,0,1,0,2,2,0
"1929",0,0,1,3,0,2,1,NA
"1930",0,1,0,0,1,2,1,NA
"1931",0,0,1,6,0,2,2,0
"1932",0,0,0,0,0,2,2,0
"1933",0,0,0,3,0,2,1,NA
"1934",0,0,0,5,0,2,1,NA
"1935",0,0,1,5,0,2,2,0
"1936",0,0,0,5,0,2,2,0
"1937",0,0,0,0,0,2,2,0
"1938",0,0,1,0,0,2,2,0
"1939",0,0,1,3,0,2,2,0
"1940",0,0,0,0,0,2,1,NA
"1941",0,0,0,0,0,2,2,0
"1942",0,0,1,6,0,2,2,0
"1943",1,1,1,4,0,1,1,NA
"1944",0,0,0,0,0,2,1,NA
"1945",0,1,0,0,0,2,1,NA
"1946",0,1,1,2,1,2,1,NA
"1947",0,0,0,4,0,2,2,0
"1948",0,1,0,0,0,2,1,NA
"1949",0,0,1,1,0,2,2,0
"1950",0,0,1,0,1,2,1,NA
"1951",0,1,1,5,1,2,1,NA
"1952",0,0,0,0,1,2,2,0
"1953",0,1,1,3,1,1,1,NA
"1954",0,0,0,3,1,2,1,NA
"1955",1,0,0,2,1,2,1,NA
"1956",0,1,1,4,0,2,2,1
"1957",0,0,0,0,0,2,1,NA
"1958",0,0,1,0,1,2,2,0
"1959",0,1,0,3,0,2,1,NA
"1960",0,1,0,0,1,2,1,NA
"1961",0,0,0,0,0,2,2,0
"1962",0,0,1,3,1,2,2,0
"1963",0,0,1,5,0,2,1,NA
"1964",0,0,0,0,0,2,1,NA
"1965",0,0,1,0,1,2,1,NA
"1966",0,0,0,3,0,2,2,0
"1967",1,1,0,10,1,1,1,NA
"1968",0,0,0,0,0,2,2,0
"1969",0,0,1,2,0,2,2,0
"1970",0,0,0,2,0,2,1,NA
"1971",0,0,1,3,0,2,2,0
"1972",0,1,1,0,1,2,1,NA
"1973",0,1,1,0,0,2,1,NA
"1974",0,1,1,4,0,2,1,NA
"1975",0,1,1,0,0,2,2,0
"1976",1,1,1,0,0,2,1,NA
"1977",0,0,0,5,0,2,2,0
"1978",0,0,1,2,0,2,1,NA
"1979",0,0,0,0,1,2,1,NA
"1980",0,0,0,0,0,2,2,0
"1981",0,0,1,0,0,1,1,NA
"1982",0,0,0,0,1,2,2,0
"1983",0,0,0,0,0,2,1,NA
"1984",0,0,1,0,1,2,1,NA
"1985",0,0,0,7,0,2,1,NA
"1986",0,0,1,4,0,2,2,0
"1987",0,1,1,4,0,2,2,0
"1988",0,0,0,0,0,2,1,NA
"1989",0,0,1,2,1,1,1,NA
"1990",0,0,0,0,0,2,1,NA
